cn	en	alt	pos	note	source	lock
圆齿轮盒/扁齿轮盒/减速齿轮盒/传动齿轮盒	Top gearbox			参考实际图形翻译，可能为“圆齿轮盒”或“扁齿轮盒”，针对SHZV为“圆齿轮盒	glossary-20260130	0
限流自耦变压器(电抗开关匹配的电抗器）	preventive autotransformer				glossary-20260130	0
上海华明电力设备制造有限公司	Shanghai Huaming Power Equipment Co., Ltd.				semantic-glossary	0
带手摇把联锁开关的手摇把开孔	Hand-crank access port with interlock switch		名词		glossary-20260130	0
W - 扁齿轮盒/减速齿轮盒	W: Top gearbox				glossary-20260130	0
分接选择器底部与A等电位	Tap selector bottom and are equal potential				glossary-20260130	0
额定交流工频耐受电压试验	rated AC power frequency withstand voltage testing				glossary-20260130	0
（压力释放阀）自我封闭膜	self-sealing diaphragm				glossary-20260130	0
E1- 开关油室放气阀.	E1: Bleeding of on-load tap changer				glossary-20260130	0
E2- 变压器油箱放气口	E2: Bleeding of transformer tank				glossary-20260130	0
E2:变压器油箱放气口	E2: Bleeding of transformer tank				glossary-20260130	0
E2：变压器油箱放气口	E2: Bleeding of transformer tank				glossary-20260130	0
R:保护继电器连接弯管	R: Pipe connection for protective relay				glossary-20260130	0
R：保护继电器连接弯管	R: Pipe connection for protective relay				glossary-20260130	0
分接选择器上触头平面层	Upper contacts of tap selector				glossary-20260130	0
分接选择器下触头平面层	Lower contacts of tap selector				glossary-20260130	0
有载分接开关保护继电器	OLTC protective relay	OLTC protection relay		Nameplate / OS field.	os-lock	1
E1:开关油箱放气阀	E1: Bleeding of on-load tap changer				glossary-20260130	0
中性点集电环/引出环	Current take off ring				glossary-20260130	0
R - 保护继电器接头	Pipe connection R				glossary-20260130	0
分接选择器上层触头	Upper contacts of tap selector				glossary-20260130	0
分接选择器下层触头	Lower contacts of tap selector				glossary-20260130	0
分接选择器触头位置	Tap selector contact position				glossary-20260130	0
快速机构/储能机构	(spring)energy accumulator				glossary-20260130	0
方齿轮盒/伞齿轮盒	Bevel gearbox				glossary-20260130	0
油中溶解气体分析法	DGA (dissolved and free gases analysis)				glossary-20260130	0
消散在电弧中的电荷	The charges dissipated in the arcs				glossary-20260130	0
真空灭弧型分接开关	vacuum interrupter tap changer		名词		glossary-20260130	0
表面镀银的铜/合金	Silver-plated copper/alloys				glossary-20260130	0
转换触头（电抗式）	transfer contact				glossary-20260130	0
防止越级的保护装置	over-riding protection				glossary-20260130	0
高压检测和诊断系统	high-voltage testing and diagnostic system				glossary-20260130	0
齿轮盒座（变压器）	gearbox bracket (transformer)				glossary-20260130	0
Q:回油连接弯管	Q: Pipe connection for oil return				glossary-20260130	0
Q：回油连接弯管	Q: Pipe connection for oil return				glossary-20260130	0
S:抽油连接弯管	S: Pipe connection for suction pipe				glossary-20260130	0
S：抽油连接弯管	S: Pipe connection for suction pipe				glossary-20260130	0
全波雷电冲击试验	full-wave lightning impulse test (LI)				glossary-20260130	0
分接开关驱动装置	motor drive unit (MDU)	regulator drive		Nameplate field.	os-lock	1
对周围介质的温升	temperature rise above the surrounding liquid				glossary-20260130	0
布赫霍尔茨继电器	Buchholz relay				os-lock	1
机械传动机构护板	Drive mechanism cover		名词		glossary-20260130	0
机械端位止动装置	mechanical end stop				glossary-20260130	0
环氧树脂玻璃纤维	epoxy fiberglass				glossary-20260130	0
钟罩式变压器箱盖	bell tank cover				glossary-20260130	0
集成板/集成电路	integrated circuit(PCB board)				glossary-20260130	0
Q - 注油管接头	Pipe connection Q				glossary-20260130	0
S - 抽油管接头	Pipe connection S				glossary-20260130	0
不受天气影响的	weatherproof				glossary-20260130	0
分接位置指示器	tap position indicator				glossary-20260130	0
分接开关位置数	Operation position number				glossary-20260130	0
反向转换选择器	reversing change-over selector				glossary-20260130	0
固有分接位置数	number of inherent tap positions				glossary-20260130	0
工作分接位置数	number of service tap positions				glossary-20260130	0
指示区域观察窗	Viewing window for indication area		名词		glossary-20260130	0
无励磁分接开关	de-energized tap-changer	off-circuit tap-changer (OCTC)		Same family as 无载分接开关.	os-lock	1
槽轮/日内瓦轮	Geneva wheel				glossary-20260130	0
突发压力继电器	Rapid pressure rise relay				glossary-20260130	0
联轴器/联轴节	coupling				glossary-20260130	0
转换选择器位置	Change-over selector position				glossary-20260130	0
转换选择器端子	Change-over selector terminal				glossary-20260130	0
过电流自闭接点	overcurrent self-resetting contact				glossary-20260130	0
过电流闭锁装置	overcurrent blocking device				glossary-20260130	0
选择触头单数层	odd-numbered contact layer of the tap selector				os-lock	1
选择触头双数层	even-numbered contact layer of the tap selector				os-lock	1
中性点引出排	Current take off terminal				glossary-20260130	0
分接变化指示	tap-change in progress indication				glossary-20260130	0
分接开关位置	Tap changer position				glossary-20260130	0
分接开关头部	OLTC head				glossary-20260130	0
分接指示位置	Display position				glossary-20260130	0
切换开关芯子	diverter switch insert				os-lock	1
切换脉冲试验	switching impulse test (SI)				glossary-20260130	0
压力释放装置	pressure relief device				glossary-20260130	0
外施耐压试验	applied voltage test				glossary-20260130	0
头部安装法兰	Mounting flange				glossary-20260130	0
就地控制开关	Local control switch		名词		glossary-20260130	0
工作负载试验	service duty test				glossary-20260130	0
开断容量试验	breaking capacity test				glossary-20260130	0
引出触头端子	Current take-off terminal				glossary-20260130	0
截波冲击试验	chopped-wave lightning impulse (LIC)				glossary-20260130	0
控制选择开关	Control selector switch		名词		glossary-20260130	0
无载分接开关	off-circuit tap-changer	de-energized tap-changer (DETC); OCTC		Commercial English on Huaming OCTC papers: DE-ENERGIZED TAP CHANGER.	os-lock	1
有载分接开关	On-Load Tap-Changer (OLTC)				glossary-20260130	0
有载开关保护	OLTC protective relay			Not a generic protective device.	os-lock	1
有载开关顶盖	OLTC head cover			Not diverter switch top cover.	os-lock	1
机械寿命试验	mechanical endurance test				glossary-20260130	0
机械限位装置	Mechanical limit device		名词		glossary-20260130	0
板式电位电阻	board-type tie-in resistor				glossary-20260130	0
电气控制元件	Electrical control components		名词		glossary-20260130	0
电气限位开关	Electrical limit switch		名词		glossary-20260130	0
电流引出端子	Current take-off terminal				glossary-20260130	0
电流输出端子	Current take-off terminal				glossary-20260130	0
电流输出触头	current led-out/take-off contact				glossary-20260130	0
电磁式计数器	electromagnetic counter				glossary-20260130	0
短路电流测试	short-circuit current test				glossary-20260130	0
箱顶式变压器	top-mounted transformer (standard transformer)		名词		glossary-20260130	0
精密溶模铸法	precision investment casting				glossary-20260130	0
紧急脱扣装置	emergency tripping device				glossary-20260130	0
综合试验电路	Synthetic test circuit				glossary-20260130	0
触头温升测试	temperature rise of contacts				glossary-20260130	0
过渡阻抗测试	transition impedance test				glossary-20260130	0
选择开关位置	change-over selector position	Selector switch position			glossary-20260130	0
选择开关端子	Selector switch terminal				glossary-20260130	0
钟罩式变压器	bell-type transformer				glossary-20260130	0
预计开断电流	prospective current				glossary-20260130	0
P向/D 向	P view/D view				glossary-20260130	0
不同电压数	Different voltage number				glossary-20260130	0
中性点端子	Neutral point terminal				glossary-20260130	0
中间支撑盒	intermediate support	intermediate gear box			glossary-20260130	0
主通断触头	main switching contact				glossary-20260130	0
保护继电器	protective relay	OLTC protective relay		ZXJY-class device on the OLTC head.	os-lock	1
减速齿轮箱	ratio reduction gearbox				glossary-20260130	0
出油口法兰	oil outlet flange				glossary-20260130	0
分接选择器	tap selector				glossary-20260130	0
动触头系统	moving contact structure				glossary-20260130	0
压力释放阀	pressure relief valve				glossary-20260130	0
变压器油箱	transformer tank			Do not match 变压器油 inside this span.	os-lock	1
变压器绕组	Transformer winding		名词		glossary-20260130	0
变压器编号	Transformer s/n				semantic-glossary	0
可活动范围	Operating Range				glossary-20260130	0
垂直传动轴	vertical driving shaft				os-lock	1
垂直防护罩	vertical guard				glossary-20260130	0
夹片式触头	clamping				glossary-20260130	0
密封性测试	tightness test				glossary-20260130	0
工作位置数	Operation position number				glossary-20260130	0
开关合同号	Contract No.				semantic-glossary	0
异步电动机	induction/asynchronous motor				glossary-20260130	0
扭矩/扭力	torque				glossary-20260130	0
整流变压器	rectification transformer				glossary-20260130	0
更改文件号	Changes file number				glossary-20260130	0
最大最小间	Between start and end of a tap				semantic-glossary	0
档位显示牌	position indicator dial		名词		glossary-20260130	0
档位观察窗	position display window				glossary-20260130	0
气体继电器	Buchholz relay	gas relay		Not protective relay. Protective relay is ZXJY / OLTC protective relay.	os-lock	1
水平传动轴	horizontal driving shaft				os-lock	1
水平防护罩	horizontal guard				glossary-20260130	0
油流继电器	oil flow relay/oil surge relay				glossary-20260130	0
流体静压力	static pressure				glossary-20260130	0
溢油排气阀	oil discharge valve				glossary-20260130	0
滚动式触头	rolling				glossary-20260130	0
电动机构箱	motor drive cubicle				glossary-20260130	0
真空灭弧室	vacuum interrupter	vacuum interrupter chamber		Workbook 真空泡 = vacuum interrupter (VI).	os-lock	1
瞬时过电压	transient overvoltage				glossary-20260130	0
等电位连线	potential connection				glossary-20260130	0
粗调选择器	coarse change-over selector				glossary-20260130	0
细调选择器	fine change-over selector				glossary-20260130	0
转换选择器	Change-over selector				glossary-20260130	0
运行指示器	Operation indicator		名词		glossary-20260130	0
进油口法兰	oil inlet flange				glossary-20260130	0
闭合/开断	make/break				glossary-20260130	0
齿轮盒出轴	Gearbox shaft				glossary-20260130	0
产品型号	Product model				glossary-20260130	0
伞齿轮盒	bevel gearbox				glossary-20260130	0
例行试验	routine test				glossary-20260130	0
击穿电压	breakdown voltage				glossary-20260130	0
切换开关	diverter switch				glossary-20260130	0
切换测试	switching test				glossary-20260130	0
切换电流	switched current				glossary-20260130	0
切换芯子	diverter switch insert				glossary-20260130	0
功率因数	power factor				glossary-20260130	0
励磁绕组	excitation winding				glossary-20260130	0
华明接线	Connected by HM				glossary-20260130	0
变压器油	transformer oil				glossary-20260130	0
图样标记	Mark pattern				glossary-20260130	0
型式试验	type test				glossary-20260130	0
定位销钉	locating pin		名词		glossary-20260130	0
客户接线	To be connected by customer				glossary-20260130	0
局部放电	PD partial discharge				glossary-20260130	0
工作档位	operating position		名词		glossary-20260130	0
工频电压	power-frequency voltage/ AC voltage test				glossary-20260130	0
工频耐压	AC				semantic-glossary	0
带电外限	Max. Size of live part	Live part			glossary-20260130	0
带电部分	live parts				glossary-20260130	0
平衡绕组	equalizer winding				glossary-20260130	0
并联触头	by-pass contact/shunt contact				glossary-20260130	0
开关编号	Tap-changer s/n				semantic-glossary	0
开口锁片	open-type lock washer		名词		glossary-20260130	0
开断电流	switched current	break and make the load/current			glossary-20260130	0
循环电流	circulating current				glossary-20260130	0
手动操作	manual operation				glossary-20260130	0
抽头绕组	tap winding				glossary-20260130	0
拉弧时间	arcing time				glossary-20260130	0
指示位置	display position				glossary-20260130	0
指示区域	Indication area		名词		glossary-20260130	0
接地螺栓	Earth stud				glossary-20260130	0
操作电压	operating voltage				glossary-20260130	0
支撑法兰	Support flange				glossary-20260130	0
放油螺钉	oil discharge screw				glossary-20260130	0
数控机床	CNC (computer numerical control)				glossary-20260130	0
整定位置	set position				glossary-20260130	0
旋转角度	Swiveling angle				glossary-20260130	0
机械测试	mechanical test				glossary-20260130	0
极限位置	Limit position		名词		glossary-20260130	0
检修手册	inspection manual				glossary-20260130	0
步进控制	step-by-step control				glossary-20260130	0
注意事项	Caution label		名词		glossary-20260130	0
流出端子	current led-out/take-off terminal				glossary-20260130	0
浪涌电流	inrush current/ surge current				glossary-20260130	0
火花间隙	spark gap				glossary-20260130	0
烧结测试	sintering process				glossary-20260130	0
电位电阻	Tie-in resistor				glossary-20260130	0
电动机构	motor drive unit (MDU)	drive unit			os-lock	1
电压崩溃	voltage collapse				glossary-20260130	0
电容耦合	capacitive coupling				glossary-20260130	0
电机回路	motor circuit/main circuit				glossary-20260130	0
电气信号	electrical signal				glossary-20260130	0
电气寿命	electrical life				glossary-20260130	0
电源电压	power supply voltage				glossary-20260130	0
空气开关	Miniature circuit breaker				glossary-20260130	0
箱门锁扣	Door latch		名词		glossary-20260130	0
粉末冶金	PM (powder metallurgy)				glossary-20260130	0
紧固螺栓	Fastening bolt		名词		glossary-20260130	0
绝缘测试	dielectric test				glossary-20260130	0
绝缘等级	insulation class		名词		glossary-20260130	0
绝缘转轴	insulation main shaft				glossary-20260130	0
航空插座	aviation socket				glossary-20260130	0
色谱分析	DGA (dissolved gas analysis)				glossary-20260130	0
薄弱环节	shear pin	weak link			os-lock	1
装机容量	installed capacity				glossary-20260130	0
视在电荷	apparent charge (pC)				glossary-20260130	0
触头分离	contact separation				glossary-20260130	0
触头磨损	contact wear				glossary-20260130	0
警示标志	warning label				glossary-20260130	0
警示标识	Warning label		名词		glossary-20260130	0
调压级数	Different voltage number				glossary-20260130	0
调压绕组	transformer regulating winding				glossary-20260130	0
调整垫块	temporary shim				glossary-20260130	0
起始角度	Starting Angle				glossary-20260130	0
载流方向	load direction				glossary-20260130	0
输出端0	take-off terminal				glossary-20260130	0
过渡电阻	transition resistor	transition resistors		The parts. 过渡阻抗 stays transition impedance.	os-lock	1
过渡阻抗	transition impedance				glossary-20260130	0
连接法兰	Connecting flange				glossary-20260130	0
选择开关	selector switch				glossary-20260130	0
逐级控制	step-by-step control				glossary-20260130	0
通断触头	switching contact				glossary-20260130	0
闭合电压	closed circuit voltage				glossary-20260130	0
限位开关	limit switch	limit switches			glossary-20260130	0
除杂滤芯	impurity filter core				glossary-20260130	0
除水滤芯	water filter core				glossary-20260130	0
隔离触头	isolated contacts				glossary-20260130	0
雷电冲击	BIL				semantic-glossary	0
驱动机构	drive unit				glossary-20260130	0
万向节	cardan joint				glossary-20260130	0
主绝缘	main insulation				glossary-20260130	0
主触头	shunt contact				glossary-20260130	0
传动轴	driving shaft			Workbook title-case Driving shaft.	os-lock	1
储油柜	conservator				glossary-20260130	0
内置式	in-tank type	in-tank			os-lock	1
冷压管	crimp sleeve			Not crimped connector.	os-lock	1
剪切销	shear pin				os-lock	1
动触头	moving contact				glossary-20260130	0
升高座	elevated flange				glossary-20260130	0
吊装带	lift sling				glossary-20260130	0
回油管	oil return pipe				glossary-20260130	0
圆柱销	cylindrical pin				glossary-20260130	0
均压片	corona plate				glossary-20260130	0
均压环	grading ring	corona ring		Workbook has both; outward default is grading ring.	os-lock	1
均压罩	terminal screen caps			Huaming OS field for CM/CMD/CM2/SHZV. Not corona caps, not 均压环.	os-lock	1
壁挂式	wall mounting type				glossary-20260130	0
复合式	compound	compound OLTC		Selector switch: CV, CV2, SV. No selector grade letter.	os-lock	1
外挂式	compartment type	on-tank		On-tank / compartment-type OLTC.	os-lock	1
安装板	Mounting plate		名词		glossary-20260130	0
定位板	locating plate				glossary-20260130	0
密封圈	sealing ring				glossary-20260130	0
屏蔽帽	screen cap	stress cap		Do not use corona cap as the outward translation.	os-lock	1
屏蔽罩	shield				glossary-20260130	0
布置图	layout drawing				glossary-20260130	0
弧形板	contact shell				glossary-20260130	0
弯油管	pipe connection				glossary-20260130	0
手提灯	Portable lamp		名词		glossary-20260130	0
手摇把	Hand crank		名词		glossary-20260130	0
手摇柄	hand crank				glossary-20260130	0
抽油管	oil suction pipe				glossary-20260130	0
拉弧前	Pre-arc				glossary-20260130	0
拨槽件	Genevawheel driving piece				glossary-20260130	0
排气塞	gas discharge plug				glossary-20260130	0
接线图	Connection diagram				glossary-20260130	0
控制器	Controller		名词		glossary-20260130	0
控制箱	control cabinet				glossary-20260130	0
放大图	Magnified figure				glossary-20260130	0
放气阀	bleeder valve				glossary-20260130	0
文件袋	Document pocket		名词		glossary-20260130	0
断路器	circuit breaker				glossary-20260130	0
旁通管	bypass pipe				glossary-20260130	0
标准化	Standard				glossary-20260130	0
模块化	modular				glossary-20260130	0
止回阀	check valve				glossary-20260130	0
正反调	reversing	reversing regulation (W)			os-lock	1
正负极	positive/negative polarity				glossary-20260130	0
油位计	Oil level gauge				glossary-20260130	0
法兰环	flange ring		名词		glossary-20260130	0
液位计	liquid level gauges				glossary-20260130	0
漏电感	leakage inductance				glossary-20260130	0
热电偶	thermocouple				glossary-20260130	0
爆破盖	rupture disk				glossary-20260130	0
电感器	inductor				glossary-20260130	0
真空泡	vacuum interrupter (VI)				glossary-20260130	0
矿物油	mineral oil				glossary-20260130	0
示波图	oscillogram				glossary-20260130	0
粗细调	coarse-fine	coarse-fine regulation (G)			os-lock	1
线性调	Linear regulation				glossary-20260130	0
组合式	combined	combined OLTC		Diverter switch + tap selector: CM, CM2, SHZV, SDZV, CMD.	os-lock	1
编织线	braided leads				glossary-20260130	0
落地式	pad mounting type				glossary-20260130	0
装配图	Assembly drawing				glossary-20260130	0
观察窗	Inspection window				glossary-20260130	0
触头间	Between contact				semantic-glossary	0
计数器	Counter		名词		glossary-20260130	0
起吊环	Lifting ring				glossary-20260130	0
软连接	flexible lead	braided contact lead; braided leads		Workbook lists both; OS/letters use flexible lead.	os-lock	1
输出轴	Output shaft		名词		glossary-20260130	0
防爆盖	rupture disk				glossary-20260130	0
隔弧板	arcing chute				glossary-20260130	0
集电环	current take-off ring				glossary-20260130	0
静触头	fixed contact				glossary-20260130	0
项目号	Project No.				semantic-glossary	0
驱动侧	Drive side of tap selector				glossary-20260130	0
串联	be connected in series with				glossary-20260130	0
共  页	( ) pages in total				glossary-20260130	0
凸块	protruding tab				glossary-20260130	0
出轴	output shaft				glossary-20260130	0
卡箍	clamp				glossary-20260130	0
压板	counter piece	clamping plate			glossary-20260130	0
吊耳	Lifting lugs		名词		glossary-20260130	0
处数	Place several				glossary-20260130	0
头盖	head cover			OLTC head cover when the subject is the tap-changer.	os-lock	1
套管	bushing				glossary-20260130	0
审定	Approve				glossary-20260130	0
审核	Audit				glossary-20260130	0
对地	To ground				semantic-glossary	0
工艺	process				glossary-20260130	0
带槽	with groove				glossary-20260130	0
并联	be connected in parallel with				glossary-20260130	0
日期	Date				glossary-20260130	0
星点	star-point	neutral point; star point		Switch application, not transformer Dyn11.	os-lock	1
机座	frame				glossary-20260130	0
条形	Linear type				glossary-20260130	0
极性	polarity				glossary-20260130	0
标记	Mark pattern				glossary-20260130	0
校准	Calibrate		动词		glossary-20260130	0
校对	Proofreading				glossary-20260130	0
槽深	Groove depth				glossary-20260130	0
死点	dead positions				glossary-20260130	0
比例	Scale				glossary-20260130	0
油位	oil level				glossary-20260130	0
油室	oil compartment				glossary-20260130	0
油枕	liquid/oil conservator				glossary-20260130	0
油流	liquid flow				glossary-20260130	0
油箱	tank	transformer tank		Prefer transformer tank when the source is 变压器油箱.	os-lock	1
盘形	disc type				glossary-20260130	0
相间	Between phase				semantic-glossary	0
碳化	carbonization				glossary-20260130	0
磁路	magnetic circuit				glossary-20260130	0
空转	run without load				glossary-20260130	0
第  页	Page NO. ( )				glossary-20260130	0
笼型	cage type	cage			os-lock	1
笼式	cage type	cage		WSL / WDL.	os-lock	1
签字	Signature				glossary-20260130	0
箱门	Enclosure door		名词		glossary-20260130	0
粘性	viscosity				glossary-20260130	0
线端	line-end	line end			os-lock	1
螺柱	stud				glossary-20260130	0
螺栓	bolt				glossary-20260130	0
螺钉	screw				glossary-20260130	0
衬套	bushing				glossary-20260130	0
裸铜	plain copper				glossary-20260130	0
触点	contact		名词		glossary-20260130	0
设计	Design				glossary-20260130	0
转圈	rotation		名词	注意不用turn	glossary-20260130	0
过载	overload				glossary-20260130	0
重量	Weight				glossary-20260130	0
铜焊	brazed				glossary-20260130	0
铜线	copper leads				glossary-20260130	0
铭牌	Nameplate		名词		glossary-20260130	0
锁片	locking tab	lock washer			glossary-20260130	0
阀杆	valve stem				glossary-20260130	0
阻尼	damper				glossary-20260130	0
隔板	Barrier				glossary-20260130	0
顶盖	top cover	head cover		If the subject is the OLTC, use OLTC head cover.	os-lock	1
鼓型	drum type	drum			os-lock	1
鼓式	drum type	drum		WSG.	os-lock	1
